[
  {
    "name": "A Light in the ...",
    "price": 53.74,
    "description": "£53.74",
    "category": "General",
    "image_path": "media/default.jpg"
  },
  {
    "name": "Unknown Product",
    "price": 51.77,
    "description": "£51.77",
    "category": "General",
    "image_path": "media/default.jpg"
  },
  {
    "name": "Set Me Free",
    "price": 52.29,
    "description": "£52.29",
    "category": "General",
    "image_path": "media/default.jpg"
  },
  {
    "name": "Libertarianism for Beginners",
    "price": 45.17,
    "description": "£45.17",
    "category": "General",
    "image_path": "media/default.jpg"
  },
  {
    "name": "Olio",
    "price": 37.59,
    "description": "£37.59",
    "category": "General",
    "image_path": "media/default.jpg"
  },
  {
    "name": "The Requiem Red",
    "price": 33.34,
    "description": "£33.34",
    "category": "General",
    "image_path": "media/default.jpg"
  },
  {
    "name": "Sharp Objects",
    "price": 54.23,
    "description": "£54.23",
    "category": "General",
    "image_path": "media/default.jpg"
  },
  {
    "name": "Our Band Could Be ...",
    "price": 23.88,
    "description": "£23.88",
    "category": "General",
    "image_path": "media/default.jpg"
  },
  {
    "name": "Shakespeare's Sonnets",
    "price": 17.46,
    "description": "£17.46",
    "category": "General",
    "image_path": "media/default.jpg"
  },
  {
    "name": "The Coming Woman: A ...",
    "price": 22.6,
    "description": "£22.60",
    "category": "General",
    "image_path": "media/default.jpg"
  },
  {
    "name": "The Black Maria",
    "price": 13.99,
    "description": "£13.99",
    "category": "General",
    "image_path": "media/default.jpg"
  },
  {
    "name": "Tipping the Velvet",
    "price": 50.1,
    "description": "£50.10",
    "category": "General",
    "image_path": "media/default.jpg"
  },
  {
    "name": "Scott Pilgrim's Precious Little ...",
    "price": 35.02,
    "description": "£35.02",
    "category": "General",
    "image_path": "media/default.jpg"
  },
  {
    "name": "The Boys in the ...",
    "price": 52.15,
    "description": "£52.15",
    "category": "General",
    "image_path": "media/default.jpg"
  },
  {
    "name": "Starving Hearts (Triangular Trade ...",
    "price": 20.66,
    "description": "£20.66",
    "category": "General",
    "image_path": "media/default.jpg"
  },
  {
    "name": "Sapiens: A Brief History ...",
    "price": 22.65,
    "description": "£22.65",
    "category": "General",
    "image_path": "media/default.jpg"
  },
  {
    "name": "Soumission",
    "price": 47.82,
    "description": "£47.82",
    "category": "General",
    "image_path": "media/default.jpg"
  },
  {
    "name": "Mesaerion: The Best Science ...",
    "price": 51.33,
    "description": "£51.33",
    "category": "General",
    "image_path": "media/default.jpg"
  },
  {
    "name": "Rip it Up and ...",
    "price": 57.25,
    "description": "£57.25",
    "category": "General",
    "image_path": "media/default.jpg"
  },
  {
    "name": "The Dirty Little Secrets ...",
    "price": 17.93,
    "description": "£17.93",
    "category": "General",
    "image_path": "media/default.jpg"
  }
]